# B002 steam_api64.dll export table (SHA-256 473f5a312b56519f347741b63f3dea590946b96ea40ef3803d5f452c39af2f1e). # ordinal<TAB>kind<TAB>names (comma-separated; empty for an unnamed export)
1	function	GetHSteamPipe
2	function	GetHSteamUser
3	function	SteamAPI_GetHSteamPipe
4	function	SteamAPI_GetHSteamUser
5	function	SteamAPI_GetSteamInstallPath
6	function	SteamAPI_ISteamAppList_GetAppBuildId
7	function	SteamAPI_ISteamAppList_GetAppInstallDir
8	function	SteamAPI_ISteamAppList_GetAppName
9	function	SteamAPI_ISteamAppList_GetInstalledApps
10	function	SteamAPI_ISteamAppList_GetNumInstalledApps
11	function	SteamAPI_ISteamApps_BGetDLCDataByIndex
12	function	SteamAPI_ISteamApps_BIsAppInstalled
13	function	SteamAPI_ISteamApps_BIsCybercafe
14	function	SteamAPI_ISteamApps_BIsDlcInstalled
15	function	SteamAPI_ISteamApps_BIsLowViolence
16	function	SteamAPI_ISteamApps_BIsSubscribed
17	function	SteamAPI_ISteamApps_BIsSubscribedApp
18	function	SteamAPI_ISteamApps_BIsSubscribedFromFamilySharing
19	function	SteamAPI_ISteamApps_BIsSubscribedFromFreeWeekend
20	function	SteamAPI_ISteamApps_BIsVACBanned
21	function	SteamAPI_ISteamApps_GetAppBuildId
22	function	SteamAPI_ISteamApps_GetAppInstallDir
23	function	SteamAPI_ISteamApps_GetAppOwner
24	function	SteamAPI_ISteamApps_GetAvailableGameLanguages
25	function	SteamAPI_ISteamApps_GetCurrentBetaName
26	function	SteamAPI_ISteamApps_GetCurrentGameLanguage
27	function	SteamAPI_ISteamApps_GetDLCCount
28	function	SteamAPI_ISteamApps_GetDlcDownloadProgress
29	function	SteamAPI_ISteamApps_GetEarliestPurchaseUnixTime
30	function	SteamAPI_ISteamApps_GetFileDetails
31	function	SteamAPI_ISteamApps_GetInstalledDepots
32	function	SteamAPI_ISteamApps_GetLaunchCommandLine
33	function	SteamAPI_ISteamApps_GetLaunchQueryParam
34	function	SteamAPI_ISteamApps_InstallDLC
35	function	SteamAPI_ISteamApps_MarkContentCorrupt
36	function	SteamAPI_ISteamApps_RequestAllProofOfPurchaseKeys
37	function	SteamAPI_ISteamApps_RequestAppProofOfPurchaseKey
38	function	SteamAPI_ISteamApps_UninstallDLC
39	function	SteamAPI_ISteamClient_BReleaseSteamPipe
40	function	SteamAPI_ISteamClient_BShutdownIfAllPipesClosed
41	function	SteamAPI_ISteamClient_ConnectToGlobalUser
42	function	SteamAPI_ISteamClient_CreateLocalUser
43	function	SteamAPI_ISteamClient_CreateSteamPipe
44	function	SteamAPI_ISteamClient_GetIPCCallCount
45	function	SteamAPI_ISteamClient_GetISteamAppList
46	function	SteamAPI_ISteamClient_GetISteamApps
47	function	SteamAPI_ISteamClient_GetISteamController
48	function	SteamAPI_ISteamClient_GetISteamFriends
49	function	SteamAPI_ISteamClient_GetISteamGameSearch
50	function	SteamAPI_ISteamClient_GetISteamGameServer
51	function	SteamAPI_ISteamClient_GetISteamGameServerStats
52	function	SteamAPI_ISteamClient_GetISteamGenericInterface
53	function	SteamAPI_ISteamClient_GetISteamHTMLSurface
54	function	SteamAPI_ISteamClient_GetISteamHTTP
55	function	SteamAPI_ISteamClient_GetISteamInput
56	function	SteamAPI_ISteamClient_GetISteamInventory
57	function	SteamAPI_ISteamClient_GetISteamMatchmaking
58	function	SteamAPI_ISteamClient_GetISteamMatchmakingServers
59	function	SteamAPI_ISteamClient_GetISteamMusic
60	function	SteamAPI_ISteamClient_GetISteamMusicRemote
61	function	SteamAPI_ISteamClient_GetISteamNetworking
62	function	SteamAPI_ISteamClient_GetISteamParentalSettings
63	function	SteamAPI_ISteamClient_GetISteamParties
64	function	SteamAPI_ISteamClient_GetISteamRemotePlay
65	function	SteamAPI_ISteamClient_GetISteamRemoteStorage
66	function	SteamAPI_ISteamClient_GetISteamScreenshots
67	function	SteamAPI_ISteamClient_GetISteamUGC
68	function	SteamAPI_ISteamClient_GetISteamUser
69	function	SteamAPI_ISteamClient_GetISteamUserStats
70	function	SteamAPI_ISteamClient_GetISteamUtils
71	function	SteamAPI_ISteamClient_GetISteamVideo
72	function	SteamAPI_ISteamClient_ReleaseUser
73	function	SteamAPI_ISteamClient_SetLocalIPBinding
74	function	SteamAPI_ISteamClient_SetWarningMessageHook
75	function	SteamAPI_ISteamController_ActivateActionSet
76	function	SteamAPI_ISteamController_ActivateActionSetLayer
77	function	SteamAPI_ISteamController_DeactivateActionSetLayer
78	function	SteamAPI_ISteamController_DeactivateAllActionSetLayers
79	function	SteamAPI_ISteamController_GetActionOriginFromXboxOrigin
80	function	SteamAPI_ISteamController_GetActionSetHandle
81	function	SteamAPI_ISteamController_GetActiveActionSetLayers
82	function	SteamAPI_ISteamController_GetAnalogActionData
83	function	SteamAPI_ISteamController_GetAnalogActionHandle
84	function	SteamAPI_ISteamController_GetAnalogActionOrigins
85	function	SteamAPI_ISteamController_GetConnectedControllers
86	function	SteamAPI_ISteamController_GetControllerBindingRevision
87	function	SteamAPI_ISteamController_GetControllerForGamepadIndex
88	function	SteamAPI_ISteamController_GetCurrentActionSet
89	function	SteamAPI_ISteamController_GetDigitalActionData
90	function	SteamAPI_ISteamController_GetDigitalActionHandle
91	function	SteamAPI_ISteamController_GetDigitalActionOrigins
92	function	SteamAPI_ISteamController_GetGamepadIndexForController
93	function	SteamAPI_ISteamController_GetGlyphForActionOrigin
94	function	SteamAPI_ISteamController_GetGlyphForXboxOrigin
95	function	SteamAPI_ISteamController_GetInputTypeForHandle
96	function	SteamAPI_ISteamController_GetMotionData
97	function	SteamAPI_ISteamController_GetStringForActionOrigin
98	function	SteamAPI_ISteamController_GetStringForXboxOrigin
99	function	SteamAPI_ISteamController_Init
100	function	SteamAPI_ISteamController_RunFrame
101	function	SteamAPI_ISteamController_SetLEDColor
102	function	SteamAPI_ISteamController_ShowBindingPanel
103	function	SteamAPI_ISteamController_Shutdown
104	function	SteamAPI_ISteamController_StopAnalogActionMomentum
105	function	SteamAPI_ISteamController_TranslateActionOrigin
106	function	SteamAPI_ISteamController_TriggerHapticPulse
107	function	SteamAPI_ISteamController_TriggerRepeatedHapticPulse
108	function	SteamAPI_ISteamController_TriggerVibration
109	function	SteamAPI_ISteamFriends_ActivateGameOverlay
110	function	SteamAPI_ISteamFriends_ActivateGameOverlayInviteDialog
111	function	SteamAPI_ISteamFriends_ActivateGameOverlayRemotePlayTogetherInviteDialog
112	function	SteamAPI_ISteamFriends_ActivateGameOverlayToStore
113	function	SteamAPI_ISteamFriends_ActivateGameOverlayToUser
114	function	SteamAPI_ISteamFriends_ActivateGameOverlayToWebPage
115	function	SteamAPI_ISteamFriends_ClearRichPresence
116	function	SteamAPI_ISteamFriends_CloseClanChatWindowInSteam
117	function	SteamAPI_ISteamFriends_DownloadClanActivityCounts
118	function	SteamAPI_ISteamFriends_EnumerateFollowingList
119	function	SteamAPI_ISteamFriends_GetChatMemberByIndex
120	function	SteamAPI_ISteamFriends_GetClanActivityCounts
121	function	SteamAPI_ISteamFriends_GetClanByIndex
122	function	SteamAPI_ISteamFriends_GetClanChatMemberCount
123	function	SteamAPI_ISteamFriends_GetClanChatMessage
124	function	SteamAPI_ISteamFriends_GetClanCount
125	function	SteamAPI_ISteamFriends_GetClanName
126	function	SteamAPI_ISteamFriends_GetClanOfficerByIndex
127	function	SteamAPI_ISteamFriends_GetClanOfficerCount
128	function	SteamAPI_ISteamFriends_GetClanOwner
129	function	SteamAPI_ISteamFriends_GetClanTag
130	function	SteamAPI_ISteamFriends_GetCoplayFriend
131	function	SteamAPI_ISteamFriends_GetCoplayFriendCount
132	function	SteamAPI_ISteamFriends_GetFollowerCount
133	function	SteamAPI_ISteamFriends_GetFriendByIndex
134	function	SteamAPI_ISteamFriends_GetFriendCoplayGame
135	function	SteamAPI_ISteamFriends_GetFriendCoplayTime
136	function	SteamAPI_ISteamFriends_GetFriendCount
137	function	SteamAPI_ISteamFriends_GetFriendCountFromSource
138	function	SteamAPI_ISteamFriends_GetFriendFromSourceByIndex
139	function	SteamAPI_ISteamFriends_GetFriendGamePlayed
140	function	SteamAPI_ISteamFriends_GetFriendMessage
141	function	SteamAPI_ISteamFriends_GetFriendPersonaName
142	function	SteamAPI_ISteamFriends_GetFriendPersonaNameHistory
143	function	SteamAPI_ISteamFriends_GetFriendPersonaState
144	function	SteamAPI_ISteamFriends_GetFriendRelationship
145	function	SteamAPI_ISteamFriends_GetFriendRichPresence
146	function	SteamAPI_ISteamFriends_GetFriendRichPresenceKeyByIndex
147	function	SteamAPI_ISteamFriends_GetFriendRichPresenceKeyCount
148	function	SteamAPI_ISteamFriends_GetFriendSteamLevel
149	function	SteamAPI_ISteamFriends_GetFriendsGroupCount
150	function	SteamAPI_ISteamFriends_GetFriendsGroupIDByIndex
151	function	SteamAPI_ISteamFriends_GetFriendsGroupMembersCount
152	function	SteamAPI_ISteamFriends_GetFriendsGroupMembersList
153	function	SteamAPI_ISteamFriends_GetFriendsGroupName
154	function	SteamAPI_ISteamFriends_GetLargeFriendAvatar
155	function	SteamAPI_ISteamFriends_GetMediumFriendAvatar
156	function	SteamAPI_ISteamFriends_GetNumChatsWithUnreadPriorityMessages
157	function	SteamAPI_ISteamFriends_GetPersonaName
158	function	SteamAPI_ISteamFriends_GetPersonaState
159	function	SteamAPI_ISteamFriends_GetPlayerNickname
160	function	SteamAPI_ISteamFriends_GetSmallFriendAvatar
161	function	SteamAPI_ISteamFriends_GetUserRestrictions
162	function	SteamAPI_ISteamFriends_HasFriend
163	function	SteamAPI_ISteamFriends_InviteUserToGame
164	function	SteamAPI_ISteamFriends_IsClanChatAdmin
165	function	SteamAPI_ISteamFriends_IsClanChatWindowOpenInSteam
166	function	SteamAPI_ISteamFriends_IsClanOfficialGameGroup
167	function	SteamAPI_ISteamFriends_IsClanPublic
168	function	SteamAPI_ISteamFriends_IsFollowing
169	function	SteamAPI_ISteamFriends_IsUserInSource
170	function	SteamAPI_ISteamFriends_JoinClanChatRoom
171	function	SteamAPI_ISteamFriends_LeaveClanChatRoom
172	function	SteamAPI_ISteamFriends_OpenClanChatWindowInSteam
173	function	SteamAPI_ISteamFriends_ReplyToFriendMessage
174	function	SteamAPI_ISteamFriends_RequestClanOfficerList
175	function	SteamAPI_ISteamFriends_RequestFriendRichPresence
176	function	SteamAPI_ISteamFriends_RequestUserInformation
177	function	SteamAPI_ISteamFriends_SendClanChatMessage
178	function	SteamAPI_ISteamFriends_SetInGameVoiceSpeaking
179	function	SteamAPI_ISteamFriends_SetListenForFriendsMessages
180	function	SteamAPI_ISteamFriends_SetPersonaName
181	function	SteamAPI_ISteamFriends_SetPlayedWith
182	function	SteamAPI_ISteamFriends_SetRichPresence
183	function	SteamAPI_ISteamGameSearch_AcceptGame
184	function	SteamAPI_ISteamGameSearch_AddGameSearchParams
185	function	SteamAPI_ISteamGameSearch_CancelRequestPlayersForGame
186	function	SteamAPI_ISteamGameSearch_DeclineGame
187	function	SteamAPI_ISteamGameSearch_EndGame
188	function	SteamAPI_ISteamGameSearch_EndGameSearch
189	function	SteamAPI_ISteamGameSearch_HostConfirmGameStart
190	function	SteamAPI_ISteamGameSearch_RequestPlayersForGame
191	function	SteamAPI_ISteamGameSearch_RetrieveConnectionDetails
192	function	SteamAPI_ISteamGameSearch_SearchForGameSolo
193	function	SteamAPI_ISteamGameSearch_SearchForGameWithLobby
194	function	SteamAPI_ISteamGameSearch_SetConnectionDetails
195	function	SteamAPI_ISteamGameSearch_SetGameHostParams
196	function	SteamAPI_ISteamGameSearch_SubmitPlayerResult
197	function	SteamAPI_ISteamGameServerStats_ClearUserAchievement
198	function	SteamAPI_ISteamGameServerStats_GetUserAchievement
199	function	SteamAPI_ISteamGameServerStats_GetUserStatFloat
200	function	SteamAPI_ISteamGameServerStats_GetUserStatInt32
201	function	SteamAPI_ISteamGameServerStats_RequestUserStats
202	function	SteamAPI_ISteamGameServerStats_SetUserAchievement
203	function	SteamAPI_ISteamGameServerStats_SetUserStatFloat
204	function	SteamAPI_ISteamGameServerStats_SetUserStatInt32
205	function	SteamAPI_ISteamGameServerStats_StoreUserStats
206	function	SteamAPI_ISteamGameServerStats_UpdateUserAvgRateStat
207	function	SteamAPI_ISteamGameServer_AssociateWithClan
208	function	SteamAPI_ISteamGameServer_BLoggedOn
209	function	SteamAPI_ISteamGameServer_BSecure
210	function	SteamAPI_ISteamGameServer_BUpdateUserData
211	function	SteamAPI_ISteamGameServer_BeginAuthSession
212	function	SteamAPI_ISteamGameServer_CancelAuthTicket
213	function	SteamAPI_ISteamGameServer_ClearAllKeyValues
214	function	SteamAPI_ISteamGameServer_ComputeNewPlayerCompatibility
215	function	SteamAPI_ISteamGameServer_CreateUnauthenticatedUserConnection
216	function	SteamAPI_ISteamGameServer_EnableHeartbeats
217	function	SteamAPI_ISteamGameServer_EndAuthSession
218	function	SteamAPI_ISteamGameServer_ForceHeartbeat
219	function	SteamAPI_ISteamGameServer_GetAuthSessionTicket
220	function	SteamAPI_ISteamGameServer_GetGameplayStats
221	function	SteamAPI_ISteamGameServer_GetNextOutgoingPacket
222	function	SteamAPI_ISteamGameServer_GetPublicIP
223	function	SteamAPI_ISteamGameServer_GetServerReputation
224	function	SteamAPI_ISteamGameServer_GetSteamID
225	function	SteamAPI_ISteamGameServer_HandleIncomingPacket
226	function	SteamAPI_ISteamGameServer_LogOff
227	function	SteamAPI_ISteamGameServer_LogOn
228	function	SteamAPI_ISteamGameServer_LogOnAnonymous
229	function	SteamAPI_ISteamGameServer_RequestUserGroupStatus
230	function	SteamAPI_ISteamGameServer_SendUserConnectAndAuthenticate
231	function	SteamAPI_ISteamGameServer_SendUserDisconnect
232	function	SteamAPI_ISteamGameServer_SetBotPlayerCount
233	function	SteamAPI_ISteamGameServer_SetDedicatedServer
234	function	SteamAPI_ISteamGameServer_SetGameData
235	function	SteamAPI_ISteamGameServer_SetGameDescription
236	function	SteamAPI_ISteamGameServer_SetGameTags
237	function	SteamAPI_ISteamGameServer_SetHeartbeatInterval
238	function	SteamAPI_ISteamGameServer_SetKeyValue
239	function	SteamAPI_ISteamGameServer_SetMapName
240	function	SteamAPI_ISteamGameServer_SetMaxPlayerCount
241	function	SteamAPI_ISteamGameServer_SetModDir
242	function	SteamAPI_ISteamGameServer_SetPasswordProtected
243	function	SteamAPI_ISteamGameServer_SetProduct
244	function	SteamAPI_ISteamGameServer_SetRegion
245	function	SteamAPI_ISteamGameServer_SetServerName
246	function	SteamAPI_ISteamGameServer_SetSpectatorPort
247	function	SteamAPI_ISteamGameServer_SetSpectatorServerName
248	function	SteamAPI_ISteamGameServer_UserHasLicenseForApp
249	function	SteamAPI_ISteamGameServer_WasRestartRequested
250	function	SteamAPI_ISteamHTMLSurface_AddHeader
251	function	SteamAPI_ISteamHTMLSurface_AllowStartRequest
252	function	SteamAPI_ISteamHTMLSurface_CopyToClipboard
253	function	SteamAPI_ISteamHTMLSurface_CreateBrowser
254	function	SteamAPI_ISteamHTMLSurface_ExecuteJavascript
255	function	SteamAPI_ISteamHTMLSurface_FileLoadDialogResponse
256	function	SteamAPI_ISteamHTMLSurface_Find
257	function	SteamAPI_ISteamHTMLSurface_GetLinkAtPosition
258	function	SteamAPI_ISteamHTMLSurface_GoBack
259	function	SteamAPI_ISteamHTMLSurface_GoForward
260	function	SteamAPI_ISteamHTMLSurface_Init
261	function	SteamAPI_ISteamHTMLSurface_JSDialogResponse
262	function	SteamAPI_ISteamHTMLSurface_KeyChar
263	function	SteamAPI_ISteamHTMLSurface_KeyDown
264	function	SteamAPI_ISteamHTMLSurface_KeyUp
265	function	SteamAPI_ISteamHTMLSurface_LoadURL
266	function	SteamAPI_ISteamHTMLSurface_MouseDoubleClick
267	function	SteamAPI_ISteamHTMLSurface_MouseDown
268	function	SteamAPI_ISteamHTMLSurface_MouseMove
269	function	SteamAPI_ISteamHTMLSurface_MouseUp
270	function	SteamAPI_ISteamHTMLSurface_MouseWheel
271	function	SteamAPI_ISteamHTMLSurface_OpenDeveloperTools
272	function	SteamAPI_ISteamHTMLSurface_PasteFromClipboard
273	function	SteamAPI_ISteamHTMLSurface_Reload
274	function	SteamAPI_ISteamHTMLSurface_RemoveBrowser
275	function	SteamAPI_ISteamHTMLSurface_SetBackgroundMode
276	function	SteamAPI_ISteamHTMLSurface_SetCookie
277	function	SteamAPI_ISteamHTMLSurface_SetDPIScalingFactor
278	function	SteamAPI_ISteamHTMLSurface_SetHorizontalScroll
279	function	SteamAPI_ISteamHTMLSurface_SetKeyFocus
280	function	SteamAPI_ISteamHTMLSurface_SetPageScaleFactor
281	function	SteamAPI_ISteamHTMLSurface_SetSize
282	function	SteamAPI_ISteamHTMLSurface_SetVerticalScroll
283	function	SteamAPI_ISteamHTMLSurface_Shutdown
284	function	SteamAPI_ISteamHTMLSurface_StopFind
285	function	SteamAPI_ISteamHTMLSurface_StopLoad
286	function	SteamAPI_ISteamHTMLSurface_ViewSource
287	function	SteamAPI_ISteamHTTP_CreateCookieContainer
288	function	SteamAPI_ISteamHTTP_CreateHTTPRequest
289	function	SteamAPI_ISteamHTTP_DeferHTTPRequest
290	function	SteamAPI_ISteamHTTP_GetHTTPDownloadProgressPct
291	function	SteamAPI_ISteamHTTP_GetHTTPRequestWasTimedOut
292	function	SteamAPI_ISteamHTTP_GetHTTPResponseBodyData
293	function	SteamAPI_ISteamHTTP_GetHTTPResponseBodySize
294	function	SteamAPI_ISteamHTTP_GetHTTPResponseHeaderSize
295	function	SteamAPI_ISteamHTTP_GetHTTPResponseHeaderValue
296	function	SteamAPI_ISteamHTTP_GetHTTPStreamingResponseBodyData
297	function	SteamAPI_ISteamHTTP_PrioritizeHTTPRequest
298	function	SteamAPI_ISteamHTTP_ReleaseCookieContainer
299	function	SteamAPI_ISteamHTTP_ReleaseHTTPRequest
300	function	SteamAPI_ISteamHTTP_SendHTTPRequest
301	function	SteamAPI_ISteamHTTP_SendHTTPRequestAndStreamResponse
302	function	SteamAPI_ISteamHTTP_SetCookie
303	function	SteamAPI_ISteamHTTP_SetHTTPRequestAbsoluteTimeoutMS
304	function	SteamAPI_ISteamHTTP_SetHTTPRequestContextValue
305	function	SteamAPI_ISteamHTTP_SetHTTPRequestCookieContainer
306	function	SteamAPI_ISteamHTTP_SetHTTPRequestGetOrPostParameter
307	function	SteamAPI_ISteamHTTP_SetHTTPRequestHeaderValue
308	function	SteamAPI_ISteamHTTP_SetHTTPRequestNetworkActivityTimeout
309	function	SteamAPI_ISteamHTTP_SetHTTPRequestRawPostBody
310	function	SteamAPI_ISteamHTTP_SetHTTPRequestRequiresVerifiedCertificate
311	function	SteamAPI_ISteamHTTP_SetHTTPRequestUserAgentInfo
312	function	SteamAPI_ISteamInput_ActivateActionSet
313	function	SteamAPI_ISteamInput_ActivateActionSetLayer
314	function	SteamAPI_ISteamInput_DeactivateActionSetLayer
315	function	SteamAPI_ISteamInput_DeactivateAllActionSetLayers
316	function	SteamAPI_ISteamInput_GetActionOriginFromXboxOrigin
317	function	SteamAPI_ISteamInput_GetActionSetHandle
318	function	SteamAPI_ISteamInput_GetActiveActionSetLayers
319	function	SteamAPI_ISteamInput_GetAnalogActionData
320	function	SteamAPI_ISteamInput_GetAnalogActionHandle
321	function	SteamAPI_ISteamInput_GetAnalogActionOrigins
322	function	SteamAPI_ISteamInput_GetConnectedControllers
323	function	SteamAPI_ISteamInput_GetControllerForGamepadIndex
324	function	SteamAPI_ISteamInput_GetCurrentActionSet
325	function	SteamAPI_ISteamInput_GetDeviceBindingRevision
326	function	SteamAPI_ISteamInput_GetDigitalActionData
327	function	SteamAPI_ISteamInput_GetDigitalActionHandle
328	function	SteamAPI_ISteamInput_GetDigitalActionOrigins
329	function	SteamAPI_ISteamInput_GetGamepadIndexForController
330	function	SteamAPI_ISteamInput_GetGlyphForActionOrigin
331	function	SteamAPI_ISteamInput_GetGlyphForXboxOrigin
332	function	SteamAPI_ISteamInput_GetInputTypeForHandle
333	function	SteamAPI_ISteamInput_GetMotionData
334	function	SteamAPI_ISteamInput_GetRemotePlaySessionID
335	function	SteamAPI_ISteamInput_GetStringForActionOrigin
336	function	SteamAPI_ISteamInput_GetStringForXboxOrigin
337	function	SteamAPI_ISteamInput_Init
338	function	SteamAPI_ISteamInput_RunFrame
339	function	SteamAPI_ISteamInput_SetLEDColor
340	function	SteamAPI_ISteamInput_ShowBindingPanel
341	function	SteamAPI_ISteamInput_Shutdown
342	function	SteamAPI_ISteamInput_StopAnalogActionMomentum
343	function	SteamAPI_ISteamInput_TranslateActionOrigin
344	function	SteamAPI_ISteamInput_TriggerHapticPulse
345	function	SteamAPI_ISteamInput_TriggerRepeatedHapticPulse
346	function	SteamAPI_ISteamInput_TriggerVibration
347	function	SteamAPI_ISteamInventory_AddPromoItem
348	function	SteamAPI_ISteamInventory_AddPromoItems
349	function	SteamAPI_ISteamInventory_CheckResultSteamID
350	function	SteamAPI_ISteamInventory_ConsumeItem
351	function	SteamAPI_ISteamInventory_DeserializeResult
352	function	SteamAPI_ISteamInventory_DestroyResult
353	function	SteamAPI_ISteamInventory_ExchangeItems
354	function	SteamAPI_ISteamInventory_GenerateItems
355	function	SteamAPI_ISteamInventory_GetAllItems
356	function	SteamAPI_ISteamInventory_GetEligiblePromoItemDefinitionIDs
357	function	SteamAPI_ISteamInventory_GetItemDefinitionIDs
358	function	SteamAPI_ISteamInventory_GetItemDefinitionProperty
359	function	SteamAPI_ISteamInventory_GetItemPrice
360	function	SteamAPI_ISteamInventory_GetItemsByID
361	function	SteamAPI_ISteamInventory_GetItemsWithPrices
362	function	SteamAPI_ISteamInventory_GetNumItemsWithPrices
363	function	SteamAPI_ISteamInventory_GetResultItemProperty
364	function	SteamAPI_ISteamInventory_GetResultItems
365	function	SteamAPI_ISteamInventory_GetResultStatus
366	function	SteamAPI_ISteamInventory_GetResultTimestamp
367	function	SteamAPI_ISteamInventory_GrantPromoItems
368	function	SteamAPI_ISteamInventory_LoadItemDefinitions
369	function	SteamAPI_ISteamInventory_RemoveProperty
370	function	SteamAPI_ISteamInventory_RequestEligiblePromoItemDefinitionsIDs
371	function	SteamAPI_ISteamInventory_RequestPrices
372	function	SteamAPI_ISteamInventory_SendItemDropHeartbeat
373	function	SteamAPI_ISteamInventory_SerializeResult
374	function	SteamAPI_ISteamInventory_SetPropertyBool
375	function	SteamAPI_ISteamInventory_SetPropertyFloat
376	function	SteamAPI_ISteamInventory_SetPropertyInt64
377	function	SteamAPI_ISteamInventory_SetPropertyString
378	function	SteamAPI_ISteamInventory_StartPurchase
379	function	SteamAPI_ISteamInventory_StartUpdateProperties
380	function	SteamAPI_ISteamInventory_SubmitUpdateProperties
381	function	SteamAPI_ISteamInventory_TradeItems
382	function	SteamAPI_ISteamInventory_TransferItemQuantity
383	function	SteamAPI_ISteamInventory_TriggerItemDrop
384	function	SteamAPI_ISteamMatchmakingPingResponse_ServerFailedToRespond
385	function	SteamAPI_ISteamMatchmakingPingResponse_ServerResponded
386	function	SteamAPI_ISteamMatchmakingPlayersResponse_AddPlayerToList
387	function	SteamAPI_ISteamMatchmakingPlayersResponse_PlayersFailedToRespond
388	function	SteamAPI_ISteamMatchmakingPlayersResponse_PlayersRefreshComplete
389	function	SteamAPI_ISteamMatchmakingRulesResponse_RulesFailedToRespond
390	function	SteamAPI_ISteamMatchmakingRulesResponse_RulesRefreshComplete
391	function	SteamAPI_ISteamMatchmakingRulesResponse_RulesResponded
392	function	SteamAPI_ISteamMatchmakingServerListResponse_RefreshComplete
393	function	SteamAPI_ISteamMatchmakingServerListResponse_ServerFailedToRespond
394	function	SteamAPI_ISteamMatchmakingServerListResponse_ServerResponded
395	function	SteamAPI_ISteamMatchmakingServers_CancelQuery
396	function	SteamAPI_ISteamMatchmakingServers_CancelServerQuery
397	function	SteamAPI_ISteamMatchmakingServers_GetServerCount
398	function	SteamAPI_ISteamMatchmakingServers_GetServerDetails
399	function	SteamAPI_ISteamMatchmakingServers_IsRefreshing
400	function	SteamAPI_ISteamMatchmakingServers_PingServer
401	function	SteamAPI_ISteamMatchmakingServers_PlayerDetails
402	function	SteamAPI_ISteamMatchmakingServers_RefreshQuery
403	function	SteamAPI_ISteamMatchmakingServers_RefreshServer
404	function	SteamAPI_ISteamMatchmakingServers_ReleaseRequest
405	function	SteamAPI_ISteamMatchmakingServers_RequestFavoritesServerList
406	function	SteamAPI_ISteamMatchmakingServers_RequestFriendsServerList
407	function	SteamAPI_ISteamMatchmakingServers_RequestHistoryServerList
408	function	SteamAPI_ISteamMatchmakingServers_RequestInternetServerList
409	function	SteamAPI_ISteamMatchmakingServers_RequestLANServerList
410	function	SteamAPI_ISteamMatchmakingServers_RequestSpectatorServerList
411	function	SteamAPI_ISteamMatchmakingServers_ServerRules
412	function	SteamAPI_ISteamMatchmaking_AddFavoriteGame
413	function	SteamAPI_ISteamMatchmaking_AddRequestLobbyListCompatibleMembersFilter
414	function	SteamAPI_ISteamMatchmaking_AddRequestLobbyListDistanceFilter
415	function	SteamAPI_ISteamMatchmaking_AddRequestLobbyListFilterSlotsAvailable
416	function	SteamAPI_ISteamMatchmaking_AddRequestLobbyListNearValueFilter
417	function	SteamAPI_ISteamMatchmaking_AddRequestLobbyListNumericalFilter
418	function	SteamAPI_ISteamMatchmaking_AddRequestLobbyListResultCountFilter
419	function	SteamAPI_ISteamMatchmaking_AddRequestLobbyListStringFilter
420	function	SteamAPI_ISteamMatchmaking_CreateLobby
421	function	SteamAPI_ISteamMatchmaking_DeleteLobbyData
422	function	SteamAPI_ISteamMatchmaking_GetFavoriteGame
423	function	SteamAPI_ISteamMatchmaking_GetFavoriteGameCount
424	function	SteamAPI_ISteamMatchmaking_GetLobbyByIndex
425	function	SteamAPI_ISteamMatchmaking_GetLobbyChatEntry
426	function	SteamAPI_ISteamMatchmaking_GetLobbyData
427	function	SteamAPI_ISteamMatchmaking_GetLobbyDataByIndex
428	function	SteamAPI_ISteamMatchmaking_GetLobbyDataCount
429	function	SteamAPI_ISteamMatchmaking_GetLobbyGameServer
430	function	SteamAPI_ISteamMatchmaking_GetLobbyMemberByIndex
431	function	SteamAPI_ISteamMatchmaking_GetLobbyMemberData
432	function	SteamAPI_ISteamMatchmaking_GetLobbyMemberLimit
433	function	SteamAPI_ISteamMatchmaking_GetLobbyOwner
434	function	SteamAPI_ISteamMatchmaking_GetNumLobbyMembers
435	function	SteamAPI_ISteamMatchmaking_InviteUserToLobby
436	function	SteamAPI_ISteamMatchmaking_JoinLobby
437	function	SteamAPI_ISteamMatchmaking_LeaveLobby
438	function	SteamAPI_ISteamMatchmaking_RemoveFavoriteGame
439	function	SteamAPI_ISteamMatchmaking_RequestLobbyData
440	function	SteamAPI_ISteamMatchmaking_RequestLobbyList
441	function	SteamAPI_ISteamMatchmaking_SendLobbyChatMsg
442	function	SteamAPI_ISteamMatchmaking_SetLinkedLobby
443	function	SteamAPI_ISteamMatchmaking_SetLobbyData
444	function	SteamAPI_ISteamMatchmaking_SetLobbyGameServer
445	function	SteamAPI_ISteamMatchmaking_SetLobbyJoinable
446	function	SteamAPI_ISteamMatchmaking_SetLobbyMemberData
447	function	SteamAPI_ISteamMatchmaking_SetLobbyMemberLimit
448	function	SteamAPI_ISteamMatchmaking_SetLobbyOwner
449	function	SteamAPI_ISteamMatchmaking_SetLobbyType
450	function	SteamAPI_ISteamMusicRemote_BActivationSuccess
451	function	SteamAPI_ISteamMusicRemote_BIsCurrentMusicRemote
452	function	SteamAPI_ISteamMusicRemote_CurrentEntryDidChange
453	function	SteamAPI_ISteamMusicRemote_CurrentEntryIsAvailable
454	function	SteamAPI_ISteamMusicRemote_CurrentEntryWillChange
455	function	SteamAPI_ISteamMusicRemote_DeregisterSteamMusicRemote
456	function	SteamAPI_ISteamMusicRemote_EnableLooped
457	function	SteamAPI_ISteamMusicRemote_EnablePlayNext
458	function	SteamAPI_ISteamMusicRemote_EnablePlayPrevious
459	function	SteamAPI_ISteamMusicRemote_EnablePlaylists
460	function	SteamAPI_ISteamMusicRemote_EnableQueue
461	function	SteamAPI_ISteamMusicRemote_EnableShuffled
462	function	SteamAPI_ISteamMusicRemote_PlaylistDidChange
463	function	SteamAPI_ISteamMusicRemote_PlaylistWillChange
464	function	SteamAPI_ISteamMusicRemote_QueueDidChange
465	function	SteamAPI_ISteamMusicRemote_QueueWillChange
466	function	SteamAPI_ISteamMusicRemote_RegisterSteamMusicRemote
467	function	SteamAPI_ISteamMusicRemote_ResetPlaylistEntries
468	function	SteamAPI_ISteamMusicRemote_ResetQueueEntries
469	function	SteamAPI_ISteamMusicRemote_SetCurrentPlaylistEntry
470	function	SteamAPI_ISteamMusicRemote_SetCurrentQueueEntry
471	function	SteamAPI_ISteamMusicRemote_SetDisplayName
472	function	SteamAPI_ISteamMusicRemote_SetPNGIcon_64x64
473	function	SteamAPI_ISteamMusicRemote_SetPlaylistEntry
474	function	SteamAPI_ISteamMusicRemote_SetQueueEntry
475	function	SteamAPI_ISteamMusicRemote_UpdateCurrentEntryCoverArt
476	function	SteamAPI_ISteamMusicRemote_UpdateCurrentEntryElapsedSeconds
477	function	SteamAPI_ISteamMusicRemote_UpdateCurrentEntryText
478	function	SteamAPI_ISteamMusicRemote_UpdateLooped
479	function	SteamAPI_ISteamMusicRemote_UpdatePlaybackStatus
480	function	SteamAPI_ISteamMusicRemote_UpdateShuffled
481	function	SteamAPI_ISteamMusicRemote_UpdateVolume
482	function	SteamAPI_ISteamMusic_BIsEnabled
483	function	SteamAPI_ISteamMusic_BIsPlaying
484	function	SteamAPI_ISteamMusic_GetPlaybackStatus
485	function	SteamAPI_ISteamMusic_GetVolume
486	function	SteamAPI_ISteamMusic_Pause
487	function	SteamAPI_ISteamMusic_Play
488	function	SteamAPI_ISteamMusic_PlayNext
489	function	SteamAPI_ISteamMusic_PlayPrevious
490	function	SteamAPI_ISteamMusic_SetVolume
491	function	SteamAPI_ISteamNetworkingConnectionCustomSignaling_Release
492	function	SteamAPI_ISteamNetworkingConnectionCustomSignaling_SendSignal
493	function	SteamAPI_ISteamNetworkingCustomSignalingRecvContext_OnConnectRequest
494	function	SteamAPI_ISteamNetworkingCustomSignalingRecvContext_SendRejectionSignal
495	function	SteamAPI_ISteamNetworkingSockets_AcceptConnection
496	function	SteamAPI_ISteamNetworkingSockets_CloseConnection
497	function	SteamAPI_ISteamNetworkingSockets_CloseListenSocket
498	function	SteamAPI_ISteamNetworkingSockets_ConnectByIPAddress
499	function	SteamAPI_ISteamNetworkingSockets_ConnectP2P
500	function	SteamAPI_ISteamNetworkingSockets_ConnectP2PCustomSignaling
501	function	SteamAPI_ISteamNetworkingSockets_ConnectToHostedDedicatedServer
502	function	SteamAPI_ISteamNetworkingSockets_CreateHostedDedicatedServerListenSocket
503	function	SteamAPI_ISteamNetworkingSockets_CreateListenSocketIP
504	function	SteamAPI_ISteamNetworkingSockets_CreateListenSocketP2P
505	function	SteamAPI_ISteamNetworkingSockets_CreatePollGroup
506	function	SteamAPI_ISteamNetworkingSockets_CreateSocketPair
507	function	SteamAPI_ISteamNetworkingSockets_DestroyPollGroup
508	function	SteamAPI_ISteamNetworkingSockets_FindRelayAuthTicketForServer
509	function	SteamAPI_ISteamNetworkingSockets_FlushMessagesOnConnection
510	function	SteamAPI_ISteamNetworkingSockets_GetAuthenticationStatus
511	function	SteamAPI_ISteamNetworkingSockets_GetCertificateRequest
512	function	SteamAPI_ISteamNetworkingSockets_GetConnectionInfo
513	function	SteamAPI_ISteamNetworkingSockets_GetConnectionName
514	function	SteamAPI_ISteamNetworkingSockets_GetConnectionUserData
515	function	SteamAPI_ISteamNetworkingSockets_GetDetailedConnectionStatus
516	function	SteamAPI_ISteamNetworkingSockets_GetGameCoordinatorServerLogin
517	function	SteamAPI_ISteamNetworkingSockets_GetHostedDedicatedServerAddress
518	function	SteamAPI_ISteamNetworkingSockets_GetHostedDedicatedServerPOPID
519	function	SteamAPI_ISteamNetworkingSockets_GetHostedDedicatedServerPort
520	function	SteamAPI_ISteamNetworkingSockets_GetIdentity
521	function	SteamAPI_ISteamNetworkingSockets_GetListenSocketAddress
522	function	SteamAPI_ISteamNetworkingSockets_GetQuickConnectionStatus
523	function	SteamAPI_ISteamNetworkingSockets_InitAuthentication
524	function	SteamAPI_ISteamNetworkingSockets_ReceiveMessagesOnConnection
525	function	SteamAPI_ISteamNetworkingSockets_ReceiveMessagesOnPollGroup
526	function	SteamAPI_ISteamNetworkingSockets_ReceivedP2PCustomSignal
527	function	SteamAPI_ISteamNetworkingSockets_ReceivedRelayAuthTicket
528	function	SteamAPI_ISteamNetworkingSockets_SendMessageToConnection
529	function	SteamAPI_ISteamNetworkingSockets_SendMessages
530	function	SteamAPI_ISteamNetworkingSockets_SetCertificate
531	function	SteamAPI_ISteamNetworkingSockets_SetConnectionName
532	function	SteamAPI_ISteamNetworkingSockets_SetConnectionPollGroup
533	function	SteamAPI_ISteamNetworkingSockets_SetConnectionUserData
534	function	SteamAPI_ISteamNetworkingUtils_AllocateMessage
535	function	SteamAPI_ISteamNetworkingUtils_CheckPingDataUpToDate
536	function	SteamAPI_ISteamNetworkingUtils_ConvertPingLocationToString
537	function	SteamAPI_ISteamNetworkingUtils_EstimatePingTimeBetweenTwoLocations
538	function	SteamAPI_ISteamNetworkingUtils_EstimatePingTimeFromLocalHost
539	function	SteamAPI_ISteamNetworkingUtils_GetConfigValue
540	function	SteamAPI_ISteamNetworkingUtils_GetConfigValueInfo
541	function	SteamAPI_ISteamNetworkingUtils_GetDirectPingToPOP
542	function	SteamAPI_ISteamNetworkingUtils_GetFirstConfigValue
543	function	SteamAPI_ISteamNetworkingUtils_GetLocalPingLocation
544	function	SteamAPI_ISteamNetworkingUtils_GetLocalTimestamp
545	function	SteamAPI_ISteamNetworkingUtils_GetPOPCount
546	function	SteamAPI_ISteamNetworkingUtils_GetPOPList
547	function	SteamAPI_ISteamNetworkingUtils_GetPingToDataCenter
548	function	SteamAPI_ISteamNetworkingUtils_GetRelayNetworkStatus
549	function	SteamAPI_ISteamNetworkingUtils_InitRelayNetworkAccess
550	function	SteamAPI_ISteamNetworkingUtils_ParsePingLocationString
551	function	SteamAPI_ISteamNetworkingUtils_SetConfigValue
552	function	SteamAPI_ISteamNetworkingUtils_SetConfigValueStruct
553	function	SteamAPI_ISteamNetworkingUtils_SetConnectionConfigValueFloat
554	function	SteamAPI_ISteamNetworkingUtils_SetConnectionConfigValueInt32
555	function	SteamAPI_ISteamNetworkingUtils_SetConnectionConfigValueString
556	function	SteamAPI_ISteamNetworkingUtils_SetDebugOutputFunction
557	function	SteamAPI_ISteamNetworkingUtils_SetGlobalConfigValueFloat
558	function	SteamAPI_ISteamNetworkingUtils_SetGlobalConfigValueInt32
559	function	SteamAPI_ISteamNetworkingUtils_SetGlobalConfigValueString
560	function	SteamAPI_ISteamNetworkingUtils_SteamNetworkingIPAddr_ParseString
561	function	SteamAPI_ISteamNetworkingUtils_SteamNetworkingIPAddr_ToString
562	function	SteamAPI_ISteamNetworkingUtils_SteamNetworkingIdentity_ParseString
563	function	SteamAPI_ISteamNetworkingUtils_SteamNetworkingIdentity_ToString
564	function	SteamAPI_ISteamNetworking_AcceptP2PSessionWithUser
565	function	SteamAPI_ISteamNetworking_AllowP2PPacketRelay
566	function	SteamAPI_ISteamNetworking_CloseP2PChannelWithUser
567	function	SteamAPI_ISteamNetworking_CloseP2PSessionWithUser
568	function	SteamAPI_ISteamNetworking_CreateConnectionSocket
569	function	SteamAPI_ISteamNetworking_CreateListenSocket
570	function	SteamAPI_ISteamNetworking_CreateP2PConnectionSocket
571	function	SteamAPI_ISteamNetworking_DestroyListenSocket
572	function	SteamAPI_ISteamNetworking_DestroySocket
573	function	SteamAPI_ISteamNetworking_GetListenSocketInfo
574	function	SteamAPI_ISteamNetworking_GetMaxPacketSize
575	function	SteamAPI_ISteamNetworking_GetP2PSessionState
576	function	SteamAPI_ISteamNetworking_GetSocketConnectionType
577	function	SteamAPI_ISteamNetworking_GetSocketInfo
578	function	SteamAPI_ISteamNetworking_IsDataAvailable
579	function	SteamAPI_ISteamNetworking_IsDataAvailableOnSocket
580	function	SteamAPI_ISteamNetworking_IsP2PPacketAvailable
581	function	SteamAPI_ISteamNetworking_ReadP2PPacket
582	function	SteamAPI_ISteamNetworking_RetrieveData
583	function	SteamAPI_ISteamNetworking_RetrieveDataFromSocket
584	function	SteamAPI_ISteamNetworking_SendDataOnSocket
585	function	SteamAPI_ISteamNetworking_SendP2PPacket
586	function	SteamAPI_ISteamParentalSettings_BIsAppBlocked
587	function	SteamAPI_ISteamParentalSettings_BIsAppInBlockList
588	function	SteamAPI_ISteamParentalSettings_BIsFeatureBlocked
589	function	SteamAPI_ISteamParentalSettings_BIsFeatureInBlockList
590	function	SteamAPI_ISteamParentalSettings_BIsParentalLockEnabled
591	function	SteamAPI_ISteamParentalSettings_BIsParentalLockLocked
592	function	SteamAPI_ISteamParties_CancelReservation
593	function	SteamAPI_ISteamParties_ChangeNumOpenSlots
594	function	SteamAPI_ISteamParties_CreateBeacon
595	function	SteamAPI_ISteamParties_DestroyBeacon
596	function	SteamAPI_ISteamParties_GetAvailableBeaconLocations
597	function	SteamAPI_ISteamParties_GetBeaconByIndex
598	function	SteamAPI_ISteamParties_GetBeaconDetails
599	function	SteamAPI_ISteamParties_GetBeaconLocationData
600	function	SteamAPI_ISteamParties_GetNumActiveBeacons
601	function	SteamAPI_ISteamParties_GetNumAvailableBeaconLocations
602	function	SteamAPI_ISteamParties_JoinParty
603	function	SteamAPI_ISteamParties_OnReservationCompleted
604	function	SteamAPI_ISteamRemotePlay_BGetSessionClientResolution
605	function	SteamAPI_ISteamRemotePlay_BSendRemotePlayTogetherInvite
606	function	SteamAPI_ISteamRemotePlay_GetSessionClientFormFactor
607	function	SteamAPI_ISteamRemotePlay_GetSessionClientName
608	function	SteamAPI_ISteamRemotePlay_GetSessionCount
609	function	SteamAPI_ISteamRemotePlay_GetSessionID
610	function	SteamAPI_ISteamRemotePlay_GetSessionSteamID
611	function	SteamAPI_ISteamRemoteStorage_CommitPublishedFileUpdate
612	function	SteamAPI_ISteamRemoteStorage_CreatePublishedFileUpdateRequest
613	function	SteamAPI_ISteamRemoteStorage_DeletePublishedFile
614	function	SteamAPI_ISteamRemoteStorage_EnumeratePublishedFilesByUserAction
615	function	SteamAPI_ISteamRemoteStorage_EnumeratePublishedWorkshopFiles
616	function	SteamAPI_ISteamRemoteStorage_EnumerateUserPublishedFiles
617	function	SteamAPI_ISteamRemoteStorage_EnumerateUserSharedWorkshopFiles
618	function	SteamAPI_ISteamRemoteStorage_EnumerateUserSubscribedFiles
619	function	SteamAPI_ISteamRemoteStorage_FileDelete
620	function	SteamAPI_ISteamRemoteStorage_FileExists
621	function	SteamAPI_ISteamRemoteStorage_FileForget
622	function	SteamAPI_ISteamRemoteStorage_FilePersisted
623	function	SteamAPI_ISteamRemoteStorage_FileRead
624	function	SteamAPI_ISteamRemoteStorage_FileReadAsync
625	function	SteamAPI_ISteamRemoteStorage_FileReadAsyncComplete
626	function	SteamAPI_ISteamRemoteStorage_FileShare
627	function	SteamAPI_ISteamRemoteStorage_FileWrite
628	function	SteamAPI_ISteamRemoteStorage_FileWriteAsync
629	function	SteamAPI_ISteamRemoteStorage_FileWriteStreamCancel
630	function	SteamAPI_ISteamRemoteStorage_FileWriteStreamClose
631	function	SteamAPI_ISteamRemoteStorage_FileWriteStreamOpen
632	function	SteamAPI_ISteamRemoteStorage_FileWriteStreamWriteChunk
633	function	SteamAPI_ISteamRemoteStorage_GetCachedUGCCount
634	function	SteamAPI_ISteamRemoteStorage_GetCachedUGCHandle
635	function	SteamAPI_ISteamRemoteStorage_GetFileCount
636	function	SteamAPI_ISteamRemoteStorage_GetFileNameAndSize
637	function	SteamAPI_ISteamRemoteStorage_GetFileSize
638	function	SteamAPI_ISteamRemoteStorage_GetFileTimestamp
639	function	SteamAPI_ISteamRemoteStorage_GetPublishedFileDetails
640	function	SteamAPI_ISteamRemoteStorage_GetPublishedItemVoteDetails
641	function	SteamAPI_ISteamRemoteStorage_GetQuota
642	function	SteamAPI_ISteamRemoteStorage_GetSyncPlatforms
643	function	SteamAPI_ISteamRemoteStorage_GetUGCDetails
644	function	SteamAPI_ISteamRemoteStorage_GetUGCDownloadProgress
645	function	SteamAPI_ISteamRemoteStorage_GetUserPublishedItemVoteDetails
646	function	SteamAPI_ISteamRemoteStorage_IsCloudEnabledForAccount
647	function	SteamAPI_ISteamRemoteStorage_IsCloudEnabledForApp
648	function	SteamAPI_ISteamRemoteStorage_PublishVideo
649	function	SteamAPI_ISteamRemoteStorage_PublishWorkshopFile
650	function	SteamAPI_ISteamRemoteStorage_SetCloudEnabledForApp
651	function	SteamAPI_ISteamRemoteStorage_SetSyncPlatforms
652	function	SteamAPI_ISteamRemoteStorage_SetUserPublishedFileAction
653	function	SteamAPI_ISteamRemoteStorage_SubscribePublishedFile
654	function	SteamAPI_ISteamRemoteStorage_UGCDownload
655	function	SteamAPI_ISteamRemoteStorage_UGCDownloadToLocation
656	function	SteamAPI_ISteamRemoteStorage_UGCRead
657	function	SteamAPI_ISteamRemoteStorage_UnsubscribePublishedFile
658	function	SteamAPI_ISteamRemoteStorage_UpdatePublishedFileDescription
659	function	SteamAPI_ISteamRemoteStorage_UpdatePublishedFileFile
660	function	SteamAPI_ISteamRemoteStorage_UpdatePublishedFilePreviewFile
661	function	SteamAPI_ISteamRemoteStorage_UpdatePublishedFileSetChangeDescription
662	function	SteamAPI_ISteamRemoteStorage_UpdatePublishedFileTags
663	function	SteamAPI_ISteamRemoteStorage_UpdatePublishedFileTitle
664	function	SteamAPI_ISteamRemoteStorage_UpdatePublishedFileVisibility
665	function	SteamAPI_ISteamRemoteStorage_UpdateUserPublishedItemVote
666	function	SteamAPI_ISteamScreenshots_AddScreenshotToLibrary
667	function	SteamAPI_ISteamScreenshots_AddVRScreenshotToLibrary
668	function	SteamAPI_ISteamScreenshots_HookScreenshots
669	function	SteamAPI_ISteamScreenshots_IsScreenshotsHooked
670	function	SteamAPI_ISteamScreenshots_SetLocation
671	function	SteamAPI_ISteamScreenshots_TagPublishedFile
672	function	SteamAPI_ISteamScreenshots_TagUser
673	function	SteamAPI_ISteamScreenshots_TriggerScreenshot
674	function	SteamAPI_ISteamScreenshots_WriteScreenshot
675	function	SteamAPI_ISteamTV_AddBroadcastGameData
676	function	SteamAPI_ISteamTV_AddRegion
677	function	SteamAPI_ISteamTV_AddTimelineMarker
678	function	SteamAPI_ISteamTV_IsBroadcasting
679	function	SteamAPI_ISteamTV_RemoveBroadcastGameData
680	function	SteamAPI_ISteamTV_RemoveRegion
681	function	SteamAPI_ISteamTV_RemoveTimelineMarker
682	function	SteamAPI_ISteamUGC_AddAppDependency
683	function	SteamAPI_ISteamUGC_AddDependency
684	function	SteamAPI_ISteamUGC_AddExcludedTag
685	function	SteamAPI_ISteamUGC_AddItemKeyValueTag
686	function	SteamAPI_ISteamUGC_AddItemPreviewFile
687	function	SteamAPI_ISteamUGC_AddItemPreviewVideo
688	function	SteamAPI_ISteamUGC_AddItemToFavorites
689	function	SteamAPI_ISteamUGC_AddRequiredKeyValueTag
690	function	SteamAPI_ISteamUGC_AddRequiredTag
691	function	SteamAPI_ISteamUGC_AddRequiredTagGroup
692	function	SteamAPI_ISteamUGC_BInitWorkshopForGameServer
693	function	SteamAPI_ISteamUGC_CreateItem
694	function	SteamAPI_ISteamUGC_CreateQueryAllUGCRequestCursor
695	function	SteamAPI_ISteamUGC_CreateQueryAllUGCRequestPage
696	function	SteamAPI_ISteamUGC_CreateQueryUGCDetailsRequest
697	function	SteamAPI_ISteamUGC_CreateQueryUserUGCRequest
698	function	SteamAPI_ISteamUGC_DeleteItem
699	function	SteamAPI_ISteamUGC_DownloadItem
700	function	SteamAPI_ISteamUGC_GetAppDependencies
701	function	SteamAPI_ISteamUGC_GetItemDownloadInfo
702	function	SteamAPI_ISteamUGC_GetItemInstallInfo
703	function	SteamAPI_ISteamUGC_GetItemState
704	function	SteamAPI_ISteamUGC_GetItemUpdateProgress
705	function	SteamAPI_ISteamUGC_GetNumSubscribedItems
706	function	SteamAPI_ISteamUGC_GetQueryFirstUGCKeyValueTag
707	function	SteamAPI_ISteamUGC_GetQueryUGCAdditionalPreview
708	function	SteamAPI_ISteamUGC_GetQueryUGCChildren
709	function	SteamAPI_ISteamUGC_GetQueryUGCKeyValueTag
710	function	SteamAPI_ISteamUGC_GetQueryUGCMetadata
711	function	SteamAPI_ISteamUGC_GetQueryUGCNumAdditionalPreviews
712	function	SteamAPI_ISteamUGC_GetQueryUGCNumKeyValueTags
713	function	SteamAPI_ISteamUGC_GetQueryUGCPreviewURL
714	function	SteamAPI_ISteamUGC_GetQueryUGCResult
715	function	SteamAPI_ISteamUGC_GetQueryUGCStatistic
716	function	SteamAPI_ISteamUGC_GetSubscribedItems
717	function	SteamAPI_ISteamUGC_GetUserItemVote
718	function	SteamAPI_ISteamUGC_ReleaseQueryUGCRequest
719	function	SteamAPI_ISteamUGC_RemoveAllItemKeyValueTags
720	function	SteamAPI_ISteamUGC_RemoveAppDependency
721	function	SteamAPI_ISteamUGC_RemoveDependency
722	function	SteamAPI_ISteamUGC_RemoveItemFromFavorites
723	function	SteamAPI_ISteamUGC_RemoveItemKeyValueTags
724	function	SteamAPI_ISteamUGC_RemoveItemPreview
725	function	SteamAPI_ISteamUGC_RequestUGCDetails
726	function	SteamAPI_ISteamUGC_SendQueryUGCRequest
727	function	SteamAPI_ISteamUGC_SetAllowCachedResponse
728	function	SteamAPI_ISteamUGC_SetAllowLegacyUpload
729	function	SteamAPI_ISteamUGC_SetCloudFileNameFilter
730	function	SteamAPI_ISteamUGC_SetItemContent
731	function	SteamAPI_ISteamUGC_SetItemDescription
732	function	SteamAPI_ISteamUGC_SetItemMetadata
733	function	SteamAPI_ISteamUGC_SetItemPreview
734	function	SteamAPI_ISteamUGC_SetItemTags
735	function	SteamAPI_ISteamUGC_SetItemTitle
736	function	SteamAPI_ISteamUGC_SetItemUpdateLanguage
737	function	SteamAPI_ISteamUGC_SetItemVisibility
738	function	SteamAPI_ISteamUGC_SetLanguage
739	function	SteamAPI_ISteamUGC_SetMatchAnyTag
740	function	SteamAPI_ISteamUGC_SetRankedByTrendDays
741	function	SteamAPI_ISteamUGC_SetReturnAdditionalPreviews
742	function	SteamAPI_ISteamUGC_SetReturnChildren
743	function	SteamAPI_ISteamUGC_SetReturnKeyValueTags
744	function	SteamAPI_ISteamUGC_SetReturnLongDescription
745	function	SteamAPI_ISteamUGC_SetReturnMetadata
746	function	SteamAPI_ISteamUGC_SetReturnOnlyIDs
747	function	SteamAPI_ISteamUGC_SetReturnPlaytimeStats
748	function	SteamAPI_ISteamUGC_SetReturnTotalOnly
749	function	SteamAPI_ISteamUGC_SetSearchText
750	function	SteamAPI_ISteamUGC_SetUserItemVote
751	function	SteamAPI_ISteamUGC_StartItemUpdate
752	function	SteamAPI_ISteamUGC_StartPlaytimeTracking
753	function	SteamAPI_ISteamUGC_StopPlaytimeTracking
754	function	SteamAPI_ISteamUGC_StopPlaytimeTrackingForAllItems
755	function	SteamAPI_ISteamUGC_SubmitItemUpdate
756	function	SteamAPI_ISteamUGC_SubscribeItem
757	function	SteamAPI_ISteamUGC_SuspendDownloads
758	function	SteamAPI_ISteamUGC_UnsubscribeItem
759	function	SteamAPI_ISteamUGC_UpdateItemPreviewFile
760	function	SteamAPI_ISteamUGC_UpdateItemPreviewVideo
761	function	SteamAPI_ISteamUserStats_AttachLeaderboardUGC
762	function	SteamAPI_ISteamUserStats_ClearAchievement
763	function	SteamAPI_ISteamUserStats_DownloadLeaderboardEntries
764	function	SteamAPI_ISteamUserStats_DownloadLeaderboardEntriesForUsers
765	function	SteamAPI_ISteamUserStats_FindLeaderboard
766	function	SteamAPI_ISteamUserStats_FindOrCreateLeaderboard
767	function	SteamAPI_ISteamUserStats_GetAchievement
768	function	SteamAPI_ISteamUserStats_GetAchievementAchievedPercent
769	function	SteamAPI_ISteamUserStats_GetAchievementAndUnlockTime
770	function	SteamAPI_ISteamUserStats_GetAchievementDisplayAttribute
771	function	SteamAPI_ISteamUserStats_GetAchievementIcon
772	function	SteamAPI_ISteamUserStats_GetAchievementName
773	function	SteamAPI_ISteamUserStats_GetDownloadedLeaderboardEntry
774	function	SteamAPI_ISteamUserStats_GetGlobalStatDouble
775	function	SteamAPI_ISteamUserStats_GetGlobalStatHistoryDouble
776	function	SteamAPI_ISteamUserStats_GetGlobalStatHistoryInt64
777	function	SteamAPI_ISteamUserStats_GetGlobalStatInt64
778	function	SteamAPI_ISteamUserStats_GetLeaderboardDisplayType
779	function	SteamAPI_ISteamUserStats_GetLeaderboardEntryCount
780	function	SteamAPI_ISteamUserStats_GetLeaderboardName
781	function	SteamAPI_ISteamUserStats_GetLeaderboardSortMethod
782	function	SteamAPI_ISteamUserStats_GetMostAchievedAchievementInfo
783	function	SteamAPI_ISteamUserStats_GetNextMostAchievedAchievementInfo
784	function	SteamAPI_ISteamUserStats_GetNumAchievements
785	function	SteamAPI_ISteamUserStats_GetNumberOfCurrentPlayers
786	function	SteamAPI_ISteamUserStats_GetStatFloat
787	function	SteamAPI_ISteamUserStats_GetStatInt32
788	function	SteamAPI_ISteamUserStats_GetUserAchievement
789	function	SteamAPI_ISteamUserStats_GetUserAchievementAndUnlockTime
790	function	SteamAPI_ISteamUserStats_GetUserStatFloat
791	function	SteamAPI_ISteamUserStats_GetUserStatInt32
792	function	SteamAPI_ISteamUserStats_IndicateAchievementProgress
793	function	SteamAPI_ISteamUserStats_RequestCurrentStats
794	function	SteamAPI_ISteamUserStats_RequestGlobalAchievementPercentages
795	function	SteamAPI_ISteamUserStats_RequestGlobalStats
796	function	SteamAPI_ISteamUserStats_RequestUserStats
797	function	SteamAPI_ISteamUserStats_ResetAllStats
798	function	SteamAPI_ISteamUserStats_SetAchievement
799	function	SteamAPI_ISteamUserStats_SetStatFloat
800	function	SteamAPI_ISteamUserStats_SetStatInt32
801	function	SteamAPI_ISteamUserStats_StoreStats
802	function	SteamAPI_ISteamUserStats_UpdateAvgRateStat
803	function	SteamAPI_ISteamUserStats_UploadLeaderboardScore
804	function	SteamAPI_ISteamUser_AdvertiseGame
805	function	SteamAPI_ISteamUser_BIsBehindNAT
806	function	SteamAPI_ISteamUser_BIsPhoneIdentifying
807	function	SteamAPI_ISteamUser_BIsPhoneRequiringVerification
808	function	SteamAPI_ISteamUser_BIsPhoneVerified
809	function	SteamAPI_ISteamUser_BIsTwoFactorEnabled
810	function	SteamAPI_ISteamUser_BLoggedOn
811	function	SteamAPI_ISteamUser_BeginAuthSession
812	function	SteamAPI_ISteamUser_CancelAuthTicket
813	function	SteamAPI_ISteamUser_DecompressVoice
814	function	SteamAPI_ISteamUser_EndAuthSession
815	function	SteamAPI_ISteamUser_GetAuthSessionTicket
816	function	SteamAPI_ISteamUser_GetAvailableVoice
817	function	SteamAPI_ISteamUser_GetDurationControl
818	function	SteamAPI_ISteamUser_GetEncryptedAppTicket
819	function	SteamAPI_ISteamUser_GetGameBadgeLevel
820	function	SteamAPI_ISteamUser_GetHSteamUser
821	function	SteamAPI_ISteamUser_GetMarketEligibility
822	function	SteamAPI_ISteamUser_GetPlayerSteamLevel
823	function	SteamAPI_ISteamUser_GetSteamID
824	function	SteamAPI_ISteamUser_GetUserDataFolder
825	function	SteamAPI_ISteamUser_GetVoice
826	function	SteamAPI_ISteamUser_GetVoiceOptimalSampleRate
827	function	SteamAPI_ISteamUser_InitiateGameConnection
828	function	SteamAPI_ISteamUser_RequestEncryptedAppTicket
829	function	SteamAPI_ISteamUser_RequestStoreAuthURL
830	function	SteamAPI_ISteamUser_StartVoiceRecording
831	function	SteamAPI_ISteamUser_StopVoiceRecording
832	function	SteamAPI_ISteamUser_TerminateGameConnection
833	function	SteamAPI_ISteamUser_TrackAppUsageEvent
834	function	SteamAPI_ISteamUser_UserHasLicenseForApp
835	function	SteamAPI_ISteamUtils_BOverlayNeedsPresent
836	function	SteamAPI_ISteamUtils_CheckFileSignature
837	function	SteamAPI_ISteamUtils_FilterText
838	function	SteamAPI_ISteamUtils_GetAPICallFailureReason
839	function	SteamAPI_ISteamUtils_GetAPICallResult
840	function	SteamAPI_ISteamUtils_GetAppID
841	function	SteamAPI_ISteamUtils_GetCSERIPPort
842	function	SteamAPI_ISteamUtils_GetConnectedUniverse
843	function	SteamAPI_ISteamUtils_GetCurrentBatteryPower
844	function	SteamAPI_ISteamUtils_GetEnteredGamepadTextInput
845	function	SteamAPI_ISteamUtils_GetEnteredGamepadTextLength
846	function	SteamAPI_ISteamUtils_GetIPCCallCount
847	function	SteamAPI_ISteamUtils_GetIPCountry
848	function	SteamAPI_ISteamUtils_GetIPv6ConnectivityState
849	function	SteamAPI_ISteamUtils_GetImageRGBA
850	function	SteamAPI_ISteamUtils_GetImageSize
851	function	SteamAPI_ISteamUtils_GetSecondsSinceAppActive
852	function	SteamAPI_ISteamUtils_GetSecondsSinceComputerActive
853	function	SteamAPI_ISteamUtils_GetServerRealTime
854	function	SteamAPI_ISteamUtils_GetSteamUILanguage
855	function	SteamAPI_ISteamUtils_InitFilterText
856	function	SteamAPI_ISteamUtils_IsAPICallCompleted
857	function	SteamAPI_ISteamUtils_IsOverlayEnabled
858	function	SteamAPI_ISteamUtils_IsSteamChinaLauncher
859	function	SteamAPI_ISteamUtils_IsSteamInBigPictureMode
860	function	SteamAPI_ISteamUtils_IsSteamRunningInVR
861	function	SteamAPI_ISteamUtils_IsVRHeadsetStreamingEnabled
862	function	SteamAPI_ISteamUtils_SetOverlayNotificationInset
863	function	SteamAPI_ISteamUtils_SetOverlayNotificationPosition
864	function	SteamAPI_ISteamUtils_SetVRHeadsetStreamingEnabled
865	function	SteamAPI_ISteamUtils_SetWarningMessageHook
866	function	SteamAPI_ISteamUtils_ShowGamepadTextInput
867	function	SteamAPI_ISteamUtils_StartVRDashboard
868	function	SteamAPI_ISteamVideo_GetOPFSettings
869	function	SteamAPI_ISteamVideo_GetOPFStringForApp
870	function	SteamAPI_ISteamVideo_GetVideoURL
871	function	SteamAPI_ISteamVideo_IsBroadcasting
872	function	SteamAPI_Init
873	function	SteamAPI_InitAnonymousUser
874	function	SteamAPI_InitSafe
875	function	SteamAPI_IsSteamRunning
876	function	SteamAPI_ManualDispatch_FreeLastCallback
877	function	SteamAPI_ManualDispatch_GetAPICallResult
878	function	SteamAPI_ManualDispatch_GetNextCallback
879	function	SteamAPI_ManualDispatch_Init
880	function	SteamAPI_ManualDispatch_RunFrame
881	function	SteamAPI_MatchMakingKeyValuePair_t_Construct
882	function	SteamAPI_RegisterCallResult
883	function	SteamAPI_RegisterCallback
884	function	SteamAPI_ReleaseCurrentThreadMemory
885	function	SteamAPI_RestartAppIfNecessary
886	function	SteamAPI_RunCallbacks
887	function	SteamAPI_SetBreakpadAppID
888	function	SteamAPI_SetMiniDumpComment
889	function	SteamAPI_SetTryCatchCallbacks
890	function	SteamAPI_Shutdown
891	function	SteamAPI_SteamAppList_v001
892	function	SteamAPI_SteamApps_v008
893	function	SteamAPI_SteamController_v007
894	function	SteamAPI_SteamDatagramHostedAddress_Clear
895	function	SteamAPI_SteamDatagramHostedAddress_GetPopID
896	function	SteamAPI_SteamDatagramHostedAddress_SetDevAddress
897	function	SteamAPI_SteamFriends_v017
898	function	SteamAPI_SteamGameSearch_v001
899	function	SteamAPI_SteamGameServerApps_v008
900	function	SteamAPI_SteamGameServerHTTP_v003
901	function	SteamAPI_SteamGameServerInventory_v003
902	function	SteamAPI_SteamGameServerNetworkingSockets_v008
903	function	SteamAPI_SteamGameServerNetworking_v006
904	function	SteamAPI_SteamGameServerStats_v001
905	function	SteamAPI_SteamGameServerUGC_v014
906	function	SteamAPI_SteamGameServerUtils_v009
907	function	SteamAPI_SteamGameServer_v013
908	function	SteamAPI_SteamHTMLSurface_v005
909	function	SteamAPI_SteamHTTP_v003
910	function	SteamAPI_SteamIPAddress_t_IsSet
911	function	SteamAPI_SteamInput_v001
912	function	SteamAPI_SteamInventory_v003
913	function	SteamAPI_SteamMatchmakingServers_v002
914	function	SteamAPI_SteamMatchmaking_v009
915	function	SteamAPI_SteamMusicRemote_v001
916	function	SteamAPI_SteamMusic_v001
917	function	SteamAPI_SteamNetworkingIPAddr_Clear
918	function	SteamAPI_SteamNetworkingIPAddr_GetIPv4
919	function	SteamAPI_SteamNetworkingIPAddr_IsEqualTo
920	function	SteamAPI_SteamNetworkingIPAddr_IsIPv4
921	function	SteamAPI_SteamNetworkingIPAddr_IsIPv6AllZeros
922	function	SteamAPI_SteamNetworkingIPAddr_IsLocalHost
923	function	SteamAPI_SteamNetworkingIPAddr_ParseString
924	function	SteamAPI_SteamNetworkingIPAddr_SetIPv4
925	function	SteamAPI_SteamNetworkingIPAddr_SetIPv6
926	function	SteamAPI_SteamNetworkingIPAddr_SetIPv6LocalHost
927	function	SteamAPI_SteamNetworkingIPAddr_ToString
928	function	SteamAPI_SteamNetworkingIdentity_Clear
929	function	SteamAPI_SteamNetworkingIdentity_GetGenericBytes
930	function	SteamAPI_SteamNetworkingIdentity_GetGenericString
931	function	SteamAPI_SteamNetworkingIdentity_GetIPAddr
932	function	SteamAPI_SteamNetworkingIdentity_GetSteamID
933	function	SteamAPI_SteamNetworkingIdentity_GetSteamID64
934	function	SteamAPI_SteamNetworkingIdentity_GetXboxPairwiseID
935	function	SteamAPI_SteamNetworkingIdentity_IsEqualTo
936	function	SteamAPI_SteamNetworkingIdentity_IsInvalid
937	function	SteamAPI_SteamNetworkingIdentity_IsLocalHost
938	function	SteamAPI_SteamNetworkingIdentity_ParseString
939	function	SteamAPI_SteamNetworkingIdentity_SetGenericBytes
940	function	SteamAPI_SteamNetworkingIdentity_SetGenericString
941	function	SteamAPI_SteamNetworkingIdentity_SetIPAddr
942	function	SteamAPI_SteamNetworkingIdentity_SetLocalHost
943	function	SteamAPI_SteamNetworkingIdentity_SetSteamID
944	function	SteamAPI_SteamNetworkingIdentity_SetSteamID64
945	function	SteamAPI_SteamNetworkingIdentity_SetXboxPairwiseID
946	function	SteamAPI_SteamNetworkingIdentity_ToString
947	function	SteamAPI_SteamNetworkingMessage_t_Release
948	function	SteamAPI_SteamNetworkingSockets_v008
949	function	SteamAPI_SteamNetworkingUtils_v003
950	function	SteamAPI_SteamNetworking_v006
951	function	SteamAPI_SteamParentalSettings_v001
952	function	SteamAPI_SteamParties_v002
953	function	SteamAPI_SteamRemotePlay_v001
954	function	SteamAPI_SteamRemoteStorage_v014
955	function	SteamAPI_SteamScreenshots_v003
956	function	SteamAPI_SteamTV_v001
957	function	SteamAPI_SteamUGC_v014
958	function	SteamAPI_SteamUserStats_v011
959	function	SteamAPI_SteamUser_v020
960	function	SteamAPI_SteamUtils_v009
961	function	SteamAPI_SteamVideo_v002
962	function	SteamAPI_UnregisterCallResult
963	function	SteamAPI_UnregisterCallback
964	function	SteamAPI_UseBreakpadCrashHandler
965	function	SteamAPI_WriteMiniDump
966	function	SteamAPI_gameserveritem_t_Construct
967	function	SteamAPI_gameserveritem_t_GetName
968	function	SteamAPI_gameserveritem_t_SetName
969	function	SteamAPI_servernetadr_t_Assign
970	function	SteamAPI_servernetadr_t_Construct
971	function	SteamAPI_servernetadr_t_GetConnectionAddressString
972	function	SteamAPI_servernetadr_t_GetConnectionPort
973	function	SteamAPI_servernetadr_t_GetIP
974	function	SteamAPI_servernetadr_t_GetQueryAddressString
975	function	SteamAPI_servernetadr_t_GetQueryPort
976	function	SteamAPI_servernetadr_t_Init
977	function	SteamAPI_servernetadr_t_IsLessThan
978	function	SteamAPI_servernetadr_t_SetConnectionPort
979	function	SteamAPI_servernetadr_t_SetIP
980	function	SteamAPI_servernetadr_t_SetQueryPort
981	function	SteamClient
982	function	SteamGameServer_BSecure
983	function	SteamGameServer_GetHSteamPipe
984	function	SteamGameServer_GetHSteamUser
985	function	SteamGameServer_GetIPCCallCount
986	function	SteamGameServer_GetSteamID
987	function	SteamGameServer_InitSafe
988	function	SteamGameServer_RunCallbacks
989	function	SteamGameServer_Shutdown
990	function	SteamInternal_ContextInit
991	function	SteamInternal_CreateInterface
992	function	SteamInternal_FindOrCreateGameServerInterface
993	function	SteamInternal_FindOrCreateUserInterface
994	function	SteamInternal_GameServer_Init
995	data	g_pSteamClientGameServer
